{
    "Bloom-1b7": {
        "coh": 1.0,
        "con": 1.0,
        "rel": 1.0
    },
    "Bloom-1b7-winograd-wsc-IT-baseline": {
        "coh": 1.0,
        "con": 1.0,
        "rel": 1.0
    },
    "Bloom-1b7-ropes-Cont-IT-Step2": {
        "coh": 1.0,
        "con": 1.1066666666666667,
        "rel": 1.08
    },
    "Bloom-1b7-glue-mrpc-Cont-IT-Step3": {
        "coh": 1.0533333333333332,
        "con": 1.3466666666666667,
        "rel": 1.1066666666666667
    },
    "Bloom-1b7-dialogsum-Cont-IT-Step4": {
        "coh": 1.0,
        "con": 1.0,
        "rel": 1.0266666666666666
    },
    "Bloom-1b7-creative-writing-Cont-IT-Step5": {
        "coh": 1.0133333333333334,
        "con": 1.0,
        "rel": 1.0
    }
}