{
  "bloomz-1b7": {
    "f1": 0.43897099069512857,
    "accuracy": 0.4533333333333333,
    "precision": 0.5073099415204678,
    "recall": 0.5055555555555555
  },
  "bloom-1b7": {
    "f1": 0.497737556561086,
    "accuracy": 0.5066666666666667,
    "precision": 0.5,
    "recall": 0.5
  },
  "Bloom-1b7-winograd-wsc-IT-baseline": {
    "f1": 0.37499999999999994,
    "accuracy": 0.6,
    "precision": 0.3,
    "recall": 0.5
  },
  "Bloom-1b7-ropes-Cont-IT-Step2": {
    "f1": 0.4041313559322034,
    "accuracy": 0.6,
    "precision": 0.5513698630136986,
    "recall": 0.5055555555555555
  },
  "Bloom-1b7-glue-mrpc-Cont-IT-Step3": {
    "f1": 0.37499999999999994,
    "accuracy": 0.6,
    "precision": 0.3,
    "recall": 0.5
  },
  "Bloom-1b7-dialogsum-Cont-IT-Step4": {
    "f1": 0.43609022556390975,
    "accuracy": 0.5733333333333334,
    "precision": 0.48600746268656714,
    "recall": 0.4944444444444444
  },
  "Bloom-1b7-creative-writing-Cont-IT-Step5": {
    "f1": 0.358974358974359,
    "accuracy": 0.5066666666666667,
    "precision": 0.33585858585858586,
    "recall": 0.42777777777777776
  }
}
